indicator,Metric,Value,Year
Afghanistan,Happy planet index ,20.2,2016
Afghanistan,Happy planet index ,29.4,2019
Afghanistan,Human dev index ,0.498,2017
Afghanistan,Human dev index ,0.478,2021
Afghanistan,Unemployment (%) ,8.5,2018
Afghanistan,Unemployment (%) ,13.2829999923706,2021
Afghanistan,Economic Growth ,1.18922812838034,2018
Afghanistan,Economic Growth ,-2.35,2021
Albania,Happy planet index ,36.8,2016
Albania,Happy planet index ,51.0,2019
Albania,Human dev index ,0.785,2017
Albania,Human dev index ,0.796,2021
Albania,Unemployment (%) ,16.3,2018
Albania,Unemployment (%) ,11.8190002441406,2021
Albania,Economic Growth ,4.01935968514439,2018
Albania,Economic Growth ,8.54408325116881,2021
Algeria,Happy planet index ,33.3,2016
Algeria,Happy planet index ,46.5,2019
Algeria,Human dev index ,0.754,2017
Algeria,Human dev index ,0.745,2021
Algeria,Unemployment (%) ,11.2,2018
Algeria,Unemployment (%) ,12.7040004730225,2021
Algeria,Economic Growth ,1.10000000013866,2018
Algeria,Economic Growth ,3.84779349036314,2021
Angola,Happy planet index ,-,2016
Angola,Happy planet index ,-,2019
Angola,Human dev index ,0.581,2017
Angola,Human dev index ,0.586,2021
Angola,Unemployment (%) ,6.6,2018
Angola,Unemployment (%) ,8.52999973297119,2021
Angola,Economic Growth ,-1.31631210213166,2018
Angola,Economic Growth ,0.700000004941785,2021
Argentina,Happy planet index ,35.2,2016
Argentina,Happy planet index ,50.0,2019
Argentina,Human dev index ,0.825,2017
Argentina,Human dev index ,0.842,2021
Argentina,Unemployment (%) ,6.6,2018
Argentina,Unemployment (%) ,10.9020004272461,2021
Argentina,Economic Growth ,-2.61739646282038,2018
Argentina,Economic Growth ,10.2637609278887,2021
Armenia,Happy planet index ,25.7,2016
Armenia,Happy planet index ,54.7,2019
Armenia,Human dev index ,0.755,2017
Armenia,Human dev index ,0.759,2021
Armenia,Unemployment (%) ,16.8,2018
Armenia,Unemployment (%) ,20.8969993591309,2021
Armenia,Economic Growth ,5.19999999965324,2018
Armenia,Economic Growth ,5.70000000010526,2021
Australia,Happy planet index ,21.2,2016
Australia,Happy planet index ,43.1,2019
Australia,Human dev index ,0.939,2017
Australia,Human dev index ,0.951,2021
Australia,Unemployment (%) ,5.7,2018
Australia,Unemployment (%) ,5.11199998855591,2021
Australia,Economic Growth ,2.87097248021668,2018
Australia,Economic Growth ,1.47516288330458,2021
Austria,Happy planet index ,30.5,2016
Austria,Happy planet index ,46.8,2019
Austria,Human dev index ,0.908,2017
Austria,Human dev index ,0.916,2021
Austria,Unemployment (%) ,6.1,2018
Austria,Unemployment (%) ,6.30100011825562,2021
Austria,Economic Growth ,2.50159511872086,2018
Austria,Economic Growth ,4.48396920576444,2021
Azerbaijan,Happy planet index ,-,2016
Azerbaijan,Happy planet index ,48.0,2019
Azerbaijan,Human dev index ,0.757,2017
Azerbaijan,Human dev index ,0.745,2021
Azerbaijan,Unemployment (%) ,5.1,2018
Azerbaijan,Unemployment (%) ,6.58300018310547,2021
Azerbaijan,Economic Growth ,1.49999999999999,2018
Azerbaijan,Economic Growth ,5.60003727280338,2021
Bahamas,Happy planet index ,-,2016
Bahamas,Happy planet index ,-,2019
Bahamas,Human dev index ,0.807,2017
Bahamas,Human dev index ,0.812,2021
Bahamas,Unemployment (%) ,15.3,2018
Bahamas,Unemployment (%) ,13.2390003204346,2021
Bahamas,Economic Growth ,1.8310077944388,2018
Bahamas,Economic Growth ,13.7197349437703,2021
Bahrain,Happy planet index ,-,2016
Bahrain,Happy planet index ,33.6,2019
Bahrain,Human dev index ,0.846,2017
Bahrain,Human dev index ,0.875,2021
Bahrain,Unemployment (%) ,1.3,2018
Bahrain,Unemployment (%) ,1.87399995326996,2021
Bahrain,Economic Growth ,2.11113047304872,2018
Bahrain,Economic Growth ,2.22535124229128,2021
Bangladesh,Happy planet index ,38.4,2016
Bangladesh,Happy planet index ,54.5,2019
Bangladesh,Human dev index ,0.608,2017
Bangladesh,Human dev index ,0.661,2021
Bangladesh,Unemployment (%) ,4.1,2018
Bangladesh,Unemployment (%) ,5.22900009155273,2021
Bangladesh,Economic Growth ,7.31941263014136,2018
Bangladesh,Economic Growth ,6.93867508910159,2021
Barbados,Happy planet index ,-,2016
Barbados,Happy planet index ,-,2019
Barbados,Human dev index ,0.8,2017
Barbados,Human dev index ,0.79,2021
Barbados,Unemployment (%) ,11.4,2018
Barbados,Unemployment (%) ,10.4130001068115,2021
Barbados,Economic Growth ,-1.02713911569184,2018
Barbados,Economic Growth ,1.39999999999998,2021
Belarus,Happy planet index ,21.7,2016
Belarus,Happy planet index ,42.9,2019
Belarus,Human dev index ,0.808,2017
Belarus,Human dev index ,0.808,2021
Belarus,Unemployment (%) ,0.5,2018
Belarus,Unemployment (%) ,4.73600006103516,2021
Belarus,Economic Growth ,3.14919759374963,2018
Belarus,Economic Growth ,2.50674234799824,2021
Belgium,Happy planet index ,23.7,2016
Belgium,Happy planet index ,42.5,2019
Belgium,Human dev index ,0.916,2017
Belgium,Human dev index ,0.937,2021
Belgium,Unemployment (%) ,8.3,2018
Belgium,Unemployment (%) ,6.42000007629395,2021
Belgium,Economic Growth ,1.84389968611099,2018
Belgium,Economic Growth ,6.24472194643204,2021
Belize,Happy planet index ,33.8,2016
Belize,Happy planet index ,-,2019
Belize,Human dev index ,0.708,2017
Belize,Human dev index ,0.683,2021
Belize,Unemployment (%) ,11.0,2018
Belize,Unemployment (%) ,8.2189998626709,2021
Belize,Economic Growth ,2.04470317665661,2018
Belize,Economic Growth ,9.75316324414021,2021
Benin,Happy planet index ,13.4,2016
Benin,Happy planet index ,41.4,2019
Benin,Human dev index ,0.515,2017
Benin,Human dev index ,0.525,2021
Benin,Unemployment (%) ,1.0,2018
Benin,Unemployment (%) ,1.57400000095367,2021
Benin,Economic Growth ,6.69725946087986,2018
Benin,Economic Growth ,6.60000101128134,2021
Bhutan,Happy planet index ,28.6,2016
Bhutan,Happy planet index ,36.7,2019
Bhutan,Human dev index ,0.612,2017
Bhutan,Human dev index ,0.666,2021
Bhutan,Unemployment (%) ,2.4,2018
Bhutan,Unemployment (%) ,4.33199977874756,2021
Bhutan,Economic Growth ,3.05512983672538,2018
Bhutan,Economic Growth ,-10.08,2021
Bolivia,Happy planet index ,23.3,2016
Bolivia,Happy planet index ,45.0,2019
Bolivia,Human dev index ,0.693,2017
Bolivia,Human dev index ,0.692,2021
Bolivia,Unemployment (%) ,3.7,2018
Bolivia,Unemployment (%) ,8.50899982452393,2021
Bolivia,Economic Growth ,4.22362365271844,2018
Bolivia,Economic Growth ,6.10580420443311,2021
Bosnia and Herzegovina,Happy planet index ,25.3,2016
Bosnia and Herzegovina,Happy planet index ,47.8,2019
Bosnia and Herzegovina,Human dev index ,0.768,2017
Bosnia and Herzegovina,Human dev index ,0.78,2021
Bosnia and Herzegovina,Unemployment (%) ,25.8,2018
Bosnia and Herzegovina,Unemployment (%) ,15.2150001525879,2021
Bosnia and Herzegovina,Economic Growth ,3.74007296814042,2018
Bosnia and Herzegovina,Economic Growth ,7.10223883204758,2021
Botswana,Happy planet index ,16.6,2016
Botswana,Happy planet index ,31.9,2019
Botswana,Human dev index ,0.717,2017
Botswana,Human dev index ,0.693,2021
Botswana,Unemployment (%) ,18.4,2018
Botswana,Unemployment (%) ,24.7220001220703,2021
Botswana,Economic Growth ,3.98039539042554,2018
Botswana,Economic Growth ,11.3641363677285,2021
Brazil,Happy planet index ,34.3,2016
Brazil,Happy planet index ,54.6,2019
Brazil,Human dev index ,0.759,2017
Brazil,Human dev index ,0.754,2021
Brazil,Unemployment (%) ,11.5,2018
Brazil,Unemployment (%) ,14.4029998779297,2021
Brazil,Economic Growth ,1.78366676137003,2018
Brazil,Economic Growth ,4.61942162064217,2021
Brunei,Happy planet index ,-,2016
Brunei,Happy planet index ,-,2019
Brunei,Human dev index ,0.853,2017
Brunei,Human dev index ,0.829,2021
Brunei,Unemployment (%) ,2.0,2018
Brunei,Unemployment (%) ,7.64900016784668,2021
Brunei,Economic Growth ,0.0522377907767719,2018
Brunei,Economic Growth ,-1.60554514769878,2021
Bulgaria,Happy planet index ,20.4,2016
Bulgaria,Happy planet index ,40.1,2019
Bulgaria,Human dev index ,0.813,2017
Bulgaria,Human dev index ,0.795,2021
Bulgaria,Unemployment (%) ,8.0,2018
Bulgaria,Unemployment (%) ,5.42399978637695,2021
Bulgaria,Economic Growth ,2.68457613091411,2018
Bulgaria,Economic Growth ,4.17787358423621,2021
Burkina Faso,Happy planet index ,17.9,2016
Burkina Faso,Happy planet index ,41.5,2019
Burkina Faso,Human dev index ,0.423,2017
Burkina Faso,Human dev index ,0.449,2021
Burkina Faso,Unemployment (%) ,3.0,2018
Burkina Faso,Unemployment (%) ,4.75799989700317,2021
Burkina Faso,Economic Growth ,6.60456906812341,2018
Burkina Faso,Economic Growth ,6.90634167337785,2021
Burundi,Happy planet index ,15.6,2016
Burundi,Happy planet index ,37.7,2019
Burundi,Human dev index ,0.417,2017
Burundi,Human dev index ,0.426,2021
Burundi,Unemployment (%) ,1.6,2018
Burundi,Unemployment (%) ,1.79200005531311,2021
Burundi,Economic Growth ,1.60993542127714,2018
Burundi,Economic Growth ,1.79529999810393,2021
Cabo Verde,Happy planet index ,-,2016
Cabo Verde,Happy planet index ,-,2019
Cabo Verde,Human dev index ,0.654,2017
Cabo Verde,Human dev index ,0.662,2021
Cabo Verde,Unemployment (%) ,10.5,2018
Cabo Verde,Economic Growth ,4.53116168434889,2018
Cabo Verde,Economic Growth ,6.952448693837,2021
Cambodia,Happy planet index ,25.6,2016
Cambodia,Happy planet index ,48.0,2019
Cambodia,Human dev index ,0.582,2017
Cambodia,Human dev index ,0.593,2021
Cambodia,Unemployment (%) ,0.3,2018
Cambodia,Unemployment (%) ,15.4230003356934,2021
Cambodia,Economic Growth ,7.469169206999,2018
Cambodia,Economic Growth ,3.02638936277746,2021
Cameroon,Happy planet index ,16.7,2016
Cameroon,Happy planet index ,39.9,2019
Cameroon,Human dev index ,0.556,2017
Cameroon,Human dev index ,0.576,2021
Cameroon,Unemployment (%) ,4.5,2018
Cameroon,Unemployment (%) ,0.611999988555908,2021
Cameroon,Economic Growth ,3.9555142403664,2018
Cameroon,Economic Growth ,3.48659924051415,2021
Canada,Happy planet index ,23.9,2016
Canada,Happy planet index ,40.2,2019
Canada,Human dev index ,0.926,2017
Canada,Human dev index ,0.936,2021
Canada,Unemployment (%) ,7.1,2018
Canada,Unemployment (%) ,3.86500000953674,2021
Canada,Economic Growth ,2.77704055379553,2018
Canada,Economic Growth ,4.56289386263273,2021
Central African Republic,Happy planet index ,-,2016
Central African Republic,Happy planet index ,25.2,2019
Central African Republic,Human dev index ,0.367,2017
Central African Republic,Human dev index ,0.404,2021
Central African Republic,Unemployment (%) ,6.9,2018
Central African Republic,Unemployment (%) ,7.51000022888184,2021
Central African Republic,Economic Growth ,3.78944359275462,2018
Central African Republic,Economic Growth ,0.900000006878756,2021
Chad,Happy planet index ,12.8,2016
Chad,Happy planet index ,30.4,2019
Chad,Human dev index ,0.404,2017
Chad,Human dev index ,0.394,2021
Chad,Unemployment (%) ,5.8,2018
Chad,Unemployment (%) ,1.88199996948242,2021
Chad,Economic Growth ,2.37403780037786,2018
Chad,Economic Growth ,-1.1999905246095,2021
Chile,Happy planet index ,31.7,2016
Chile,Happy planet index ,45.6,2019
Chile,Human dev index ,0.843,2017
Chile,Human dev index ,0.855,2021
Chile,Unemployment (%) ,6.6,2018
Chile,Unemployment (%) ,9.12800025939941,2021
Chile,Economic Growth ,3.99002947784489,2018
Chile,Economic Growth ,11.6682247016219,2021
China,Happy planet index ,25.7,2016
China,Happy planet index ,41.9,2019
China,Human dev index ,0.752,2017
China,Human dev index ,0.768,2021
China,Unemployment (%) ,4.6,2018
China,Unemployment (%) ,4.81699991226196,2021
China,Economic Growth ,6.74977383247717,2018
China,Economic Growth ,8.10979258077933,2021
Colombia,Happy planet index ,40.7,2016
Colombia,Happy planet index ,60.2,2019
Colombia,Human dev index ,0.843,2017
Colombia,Human dev index ,0.752,2021
Colombia,Unemployment (%) ,9.9,2018
Colombia,Unemployment (%) ,14.3360004425049,2021
Colombia,Economic Growth ,2.56432428277704,2018
Colombia,Economic Growth ,10.5632926952121,2021
Comoros,Happy planet index ,23.1,2016
Comoros,Happy planet index ,42.4,2019
Comoros,Human dev index ,0.752,2017
Comoros,Human dev index ,0.558,2021
Comoros,Unemployment (%) ,20.0,2018
Comoros,Unemployment (%) ,9.44699954986572,2021
Comoros,Economic Growth ,3.64245114733686,2018
Comoros,Economic Growth ,2.34780356550492,2021
Congo (Dem. Rep.),Happy planet index ,-,2016
Congo (Dem. Rep.),Happy planet index ,40.5,2019
Congo (Dem. Rep.),Human dev index ,0.457,2017
Congo (Dem. Rep.),Human dev index ,0.479,2021
Congo (Dem. Rep.),Unemployment (%) ,3.6,2018
Congo (Dem. Rep.),Unemployment (%) ,5.42600011825562,2021
Congo (Dem. Rep.),Economic Growth ,5.82112109989339,2018
Congo (Dem. Rep.),Economic Growth ,5.71220368071927,2021
Congo (Rep.),Happy planet index ,18.8,2016
Congo (Rep.),Happy planet index ,47.2,2019
Congo (Rep.),Human dev index ,0.606,2017
Congo (Rep.),Human dev index ,0.571,2021
Congo (Rep.),Unemployment (%) ,11.2,2018
Congo (Rep.),Unemployment (%) ,23.0109996795654,2021
Congo (Rep.),Economic Growth ,-4.80535155756866,2018
Congo (Rep.),Economic Growth ,-3.49999999972705,2021
Costa Rica,Happy planet index ,44.7,2016
Costa Rica,Happy planet index ,62.1,2019
Costa Rica,Human dev index ,0.794,2017
Costa Rica,Human dev index ,0.809,2021
Costa Rica,Unemployment (%) ,9.0,2018
Costa Rica,Unemployment (%) ,17.9540004730225,2021
Costa Rica,Economic Growth ,2.6159044043379,2018
Costa Rica,Economic Growth ,7.57956529907922,2021
Cote d'Ivoire,Happy planet index ,14.4,2016
Cote d'Ivoire,Happy planet index ,39.6,2019
Cote d'Ivoire,Human dev index ,0.794,2017
Cote d'Ivoire,Human dev index ,0.55,2021
Cote d'Ivoire,Unemployment (%) ,9.3,2018
Cote d'Ivoire,Unemployment (%) ,3.46799993515015,2021
Cote d'Ivoire,Economic Growth ,6.89028431967284,2018
Cote d'Ivoire,Economic Growth ,7.02150183600973,2021
Croatia,Happy planet index ,30.2,2016
Croatia,Happy planet index ,46.2,2019
Croatia,Human dev index ,0.831,2017
Croatia,Human dev index ,0.858,2021
Croatia,Unemployment (%) ,13.5,2018
Croatia,Unemployment (%) ,8.68299961090088,2021
Croatia,Economic Growth ,2.90000959900429,2018
Croatia,Economic Growth ,10.448872452853,2021
Cuba,Happy planet index ,-,2016
Cuba,Happy planet index ,-,2019
Cuba,Human dev index ,0.777,2017
Cuba,Human dev index ,0.764,2021
Cuba,Unemployment (%) ,2.9,2018
Cuba,Unemployment (%) ,2.75600004196167,2021
Cuba,Economic Growth ,2.24848039303581,2018
Cuba,Economic Growth ,-10.95,2021
Cyprus,Happy planet index ,30.7,2016
Cyprus,Happy planet index ,49.4,2019
Cyprus,Human dev index ,0.869,2017
Cyprus,Human dev index ,0.896,2021
Cyprus,Unemployment (%) ,11.7,2018
Cyprus,Unemployment (%) ,6.13000011444092,2021
Cyprus,Economic Growth ,5.69284172448825,2018
Cyprus,Economic Growth ,5.51268536405595,2021
Czech Republic,Happy planet index ,27.3,2016
Czech Republic,Happy planet index ,46.8,2019
Czech Republic,Human dev index ,0.888,2017
Czech Republic,Human dev index ,0.889,2021
Czech Republic,Unemployment (%) ,4.0,2018
Czech Republic,Unemployment (%) ,2.88700008392334,2021
Czech Republic,Economic Growth ,3.19865610131447,2018
Czech Republic,Economic Growth ,3.34265300901824,2021
Denmark,Happy planet index ,32.7,2016
Denmark,Happy planet index ,45.3,2019
Denmark,Human dev index ,0.929,2017
Denmark,Human dev index ,0.948,2021
Denmark,Unemployment (%) ,6.1,2018
Denmark,Unemployment (%) ,4.7979998588562,2021
Denmark,Economic Growth ,1.98953731496432,2018
Denmark,Economic Growth ,4.69343301735276,2021
Djibouti,Happy planet index ,16.4,2016
Djibouti,Happy planet index ,-,2019
Djibouti,Human dev index ,0.476,2017
Djibouti,Human dev index ,0.509,2021
Djibouti,Unemployment (%) ,6.6,2018
Djibouti,Unemployment (%) ,28.3859996795654,2021
Djibouti,Economic Growth ,4.7744168883374,2018
Djibouti,Economic Growth ,4.30966144579628,2021
Dominican Republic,Happy planet index ,30.3,2016
Dominican Republic,Happy planet index ,54.8,2019
Dominican Republic,Human dev index ,0.736,2017
Dominican Republic,Human dev index ,0.767,2021
Dominican Republic,Unemployment (%) ,14.4,2018
Dominican Republic,Unemployment (%) ,8.49600028991699,2021
Dominican Republic,Economic Growth ,6.98252758458058,2018
Dominican Republic,Economic Growth ,12.2719902266266,2021
Ecuador,Happy planet index ,37.0,2016
Ecuador,Happy planet index ,58.8,2019
Ecuador,Human dev index ,0.752,2017
Ecuador,Human dev index ,0.74,2021
Ecuador,Unemployment (%) ,5.4,2018
Ecuador,Unemployment (%) ,6.42700004577637,2021
Ecuador,Economic Growth ,1.28929193290502,2018
Ecuador,Economic Growth ,4.23525124172572,2021
Egypt,Happy planet index ,23.8,2016
Egypt,Happy planet index ,43.2,2019
Egypt,Human dev index ,0.696,2017
Egypt,Human dev index ,0.731,2021
Egypt,Unemployment (%) ,12.0,2018
Egypt,Unemployment (%) ,9.32900047302246,2021
Egypt,Economic Growth ,5.31412103746398,2018
Egypt,Economic Growth ,3.3267420905086,2021
El Salvador,Happy planet index ,35.6,2016
El Salvador,Happy planet index ,56.3,2019
El Salvador,Human dev index ,0.674,2017
El Salvador,Human dev index ,0.675,2021
El Salvador,Unemployment (%) ,6.3,2018
El Salvador,Unemployment (%) ,5.94000005722046,2021
El Salvador,Economic Growth ,2.43228758708827,2018
El Salvador,Economic Growth ,10.8008685930512,2021
Equatorial Guinea,Happy planet index ,-,2016
Equatorial Guinea,Happy planet index ,-,2019
Equatorial Guinea,Human dev index ,0.591,2017
Equatorial Guinea,Human dev index ,0.596,2021
Equatorial Guinea,Unemployment (%) ,7.3,2018
Equatorial Guinea,Unemployment (%) ,9.24499988555908,2021
Equatorial Guinea,Economic Growth ,-6.23655098228059,2018
Equatorial Guinea,Economic Growth ,-0.945391900179573,2021
Eritrea,Happy planet index ,-,2016
Eritrea,Happy planet index ,-,2019
Eritrea,Human dev index ,0.44,2017
Eritrea,Human dev index ,0.492,2021
Eritrea,Unemployment (%) ,7.3,2018
Eritrea,Unemployment (%) ,8.04699993133545,2021
Estonia,Happy planet index ,17.9,2016
Estonia,Happy planet index ,34.4,2019
Estonia,Human dev index ,0.871,2017
Estonia,Human dev index ,0.89,2021
Estonia,Unemployment (%) ,6.9,2018
Estonia,Unemployment (%) ,6.33099985122681,2021
Estonia,Economic Growth ,4.13381979831833,2018
Estonia,Economic Growth ,8.34945362012054,2021
Eswatini,Happy planet index ,15.5,2016
Eswatini,Happy planet index ,35.3,2019
Eswatini,Human dev index ,0.588,2017
Eswatini,Human dev index ,0.597,2021
Eswatini,Unemployment (%) ,25.3,2018
Eswatini,Unemployment (%) ,25.7560005187988,2021
Eswatini,Economic Growth ,2.38296442304164,2018
Eswatini,Economic Growth ,7.42613228490497,2021
Ethiopia,Happy planet index ,26.7,2016
Ethiopia,Happy planet index ,41.7,2019
Ethiopia,Human dev index ,0.463,2017
Ethiopia,Human dev index ,0.498,2021
Ethiopia,Unemployment (%) ,5.7,2018
Ethiopia,Unemployment (%) ,3.69400000572205,2021
Ethiopia,Economic Growth ,6.81614779681703,2018
Ethiopia,Economic Growth ,5.63730300819225,2021
Fiji,Happy planet index ,-,2016
Fiji,Happy planet index ,-,2019
Fiji,Human dev index ,0.741,2017
Fiji,Human dev index ,0.73,2021
Fiji,Unemployment (%) ,7.9,2018
Fiji,Unemployment (%) ,5.23899984359741,2021
Fiji,Economic Growth ,3.81235122208518,2018
Fiji,Economic Growth ,-4.08142494076485,2021
Finland,Happy planet index ,31.3,2016
Finland,Happy planet index ,51.3,2019
Finland,Human dev index ,0.92,2017
Finland,Human dev index ,0.94,2021
Finland,Unemployment (%) ,9.0,2018
Finland,Unemployment (%) ,7.52500009536743,2021
Finland,Economic Growth ,1.14194750876192,2018
Finland,Economic Growth ,3.47454718099831,2021
France,Happy planet index ,30.4,2016
France,Happy planet index ,51.8,2019
France,Human dev index ,0.901,2017
France,Human dev index ,0.903,2021
France,Unemployment (%) ,10.0,2018
France,Unemployment (%) ,8.0629997253418,2021
France,Economic Growth ,1.86506607081999,2018
France,Economic Growth ,6.96357078755028,2021
Gabon,Happy planet index ,17.5,2016
Gabon,Happy planet index ,39.9,2019
Gabon,Human dev index ,0.702,2017
Gabon,Human dev index ,0.706,2021
Gabon,Unemployment (%) ,18.5,2018
Gabon,Unemployment (%) ,22.2649993896484,2021
Gabon,Economic Growth ,0.83791658082157,2018
Gabon,Economic Growth ,1.50535940089038,2021
"Gambia, The",Happy planet index ,-,2016
"Gambia, The",Happy planet index ,-,2019
"Gambia, The",Human dev index ,0.46,2017
"Gambia, The",Human dev index ,0.5,2021
"Gambia, The",Unemployment (%) ,29.7,2018
"Gambia, The",Unemployment (%) ,11.2119998931885,2021
"Gambia, The",Economic Growth ,7.23489033258579,2018
"Gambia, The",Economic Growth ,5.62649914313542,2021
Georgia,Happy planet index ,31.1,2016
Georgia,Happy planet index ,44.3,2019
Georgia,Human dev index ,0.78,2017
Georgia,Human dev index ,0.802,2021
Georgia,Unemployment (%) ,11.6,2018
Georgia,Unemployment (%) ,10.6590003967285,2021
Georgia,Economic Growth ,4.84291988506627,2018
Georgia,Economic Growth ,10.3589426548453,2021
Germany,Happy planet index ,29.8,2016
Germany,Happy planet index ,52.7,2019
Germany,Human dev index ,0.936,2017
Germany,Human dev index ,0.942,2021
Germany,Unemployment (%) ,4.3,2018
Germany,Unemployment (%) ,3.53500008583069,2021
Germany,Economic Growth ,1.08602451412267,2018
Germany,Economic Growth ,2.89260243321934,2021
Ghana,Happy planet index ,21.4,2016
Ghana,Happy planet index ,39.5,2019
Ghana,Human dev index ,0.592,2017
Ghana,Human dev index ,0.632,2021
Ghana,Unemployment (%) ,5.8,2018
Ghana,Unemployment (%) ,4.7039999961853,2021
Ghana,Economic Growth ,6.20007768127284,2018
Ghana,Economic Growth ,5.35647789699578,2021
Greece,Happy planet index ,23.6,2016
Greece,Happy planet index ,48.8,2019
Greece,Human dev index ,0.87,2017
Greece,Human dev index ,0.887,2021
Greece,Unemployment (%) ,23.9,2018
Greece,Unemployment (%) ,14.7950000762939,2021
Greece,Economic Growth ,1.66842863602514,2018
Greece,Economic Growth ,8.33610201010661,2021
Guatemala,Happy planet index ,34.2,2016
Guatemala,Happy planet index ,57.9,2019
Guatemala,Human dev index ,0.65,2017
Guatemala,Human dev index ,0.627,2021
Guatemala,Unemployment (%) ,2.4,2018
Guatemala,Unemployment (%) ,3.57200002670288,2021
Guatemala,Economic Growth ,3.32209799734959,2018
Guatemala,Economic Growth ,7.52762877577686,2021
Guinea,Happy planet index ,-,2016
Guinea,Happy planet index ,38.1,2019
Guinea,Human dev index ,0.459,2017
Guinea,Human dev index ,0.465,2021
Guinea,Unemployment (%) ,6.8,2018
Guinea,Unemployment (%) ,6.34200000762939,2021
Guinea,Economic Growth ,6.35849192736715,2018
Guinea,Economic Growth ,3.12323000009609,2021
Guinea-Bissau,Happy planet index ,-,2016
Guinea-Bissau,Happy planet index ,-,2019
Guinea-Bissau,Human dev index ,0.455,2017
Guinea-Bissau,Human dev index ,0.483,2021
Guinea-Bissau,Unemployment (%) ,6.5,2018
Guinea-Bissau,Unemployment (%) ,6.75899982452393,2021
Guinea-Bissau,Economic Growth ,1.28373670309465,2018
Guinea-Bissau,Economic Growth ,3.80000242656607,2021
Guyana,Happy planet index ,-,2016
Guyana,Happy planet index ,-,2019
Guyana,Human dev index ,0.654,2017
Guyana,Human dev index ,0.714,2021
Guyana,Unemployment (%) ,11.4,2018
Guyana,Unemployment (%) ,16.4249992370605,2021
Guyana,Economic Growth ,4.44101358934772,2018
Guyana,Economic Growth ,19.927228866,2021
Haiti,Happy planet index ,28.6,2016
Haiti,Happy planet index ,38.2,2019
Haiti,Human dev index ,0.498,2017
Haiti,Human dev index ,0.535,2021
Haiti,Unemployment (%) ,13.2,2018
Haiti,Unemployment (%) ,15.7259998321533,2021
Haiti,Economic Growth ,1.66781095484656,2018
Haiti,Economic Growth ,-1.79823988931486,2021
Honduras,Happy planet index ,27.2,2016
Honduras,Happy planet index ,57.7,2019
Honduras,Human dev index ,0.617,2017
Honduras,Human dev index ,0.621,2021
Honduras,Unemployment (%) ,6.3,2018
Honduras,Unemployment (%) ,8.51299953460693,2021
Honduras,Economic Growth ,3.84499476966735,2018
Honduras,Economic Growth ,12.5340960157739,2021
Hungary,Happy planet index ,26.4,2016
Hungary,Happy planet index ,45.4,2019
Hungary,Human dev index ,0.838,2017
Hungary,Human dev index ,0.846,2021
Hungary,Unemployment (%) ,5.2,2018
Hungary,Unemployment (%) ,4.11600017547607,2021
Hungary,Economic Growth ,5.35949648949985,2018
Hungary,Economic Growth ,7.09661223225682,2021
Iceland,Happy planet index ,31.1,2016
Iceland,Happy planet index ,48.0,2019
Iceland,Human dev index ,0.935,2017
Iceland,Human dev index ,0.959,2021
Iceland,Unemployment (%) ,3.8,2018
Iceland,Unemployment (%) ,5.40100002288818,2021
Iceland,Economic Growth ,4.89218073132504,2018
Iceland,Economic Growth ,3.69979240070974,2021
India,Happy planet index ,29.2,2016
India,Happy planet index ,36.4,2019
India,Human dev index ,0.64,2017
India,Human dev index ,0.633,2021
India,Unemployment (%) ,3.5,2018
India,Unemployment (%) ,5.97800016403198,2021
India,Economic Growth ,6.45385134497769,2018
India,Economic Growth ,8.94796266921514,2021
Indonesia,Happy planet index ,35.7,2016
Indonesia,Happy planet index ,49.6,2019
Indonesia,Human dev index ,0.694,2017
Indonesia,Human dev index ,0.705,2021
Indonesia,Unemployment (%) ,5.6,2018
Indonesia,Unemployment (%) ,4.41300010681152,2021
Indonesia,Economic Growth ,5.17429153955024,2018
Indonesia,Economic Growth ,3.69124011191289,2021
Iran,Happy planet index ,24.0,2016
Iran,Happy planet index ,43.6,2019
Iran,Human dev index ,0.798,2017
Iran,Human dev index ,0.774,2021
Iran,Unemployment (%) ,11.3,2018
Iran,Unemployment (%) ,11.4610004425049,2021
Iran,Economic Growth ,-2.25386360686099,2018
Iran,Economic Growth ,1.76,2021
Iraq,Happy planet index ,26.5,2016
Iraq,Happy planet index ,45.3,2019
Iraq,Human dev index ,0.685,2017
Iraq,Human dev index ,0.686,2021
Iraq,Unemployment (%) ,16.0,2018
Iraq,Unemployment (%) ,14.1920003890991,2021
Iraq,Economic Growth ,2.63385099105624,2018
Iraq,Economic Growth ,2.78333543533222,2021
Ireland,Happy planet index ,30.0,2016
Ireland,Happy planet index ,51.1,2019
Ireland,Human dev index ,0.938,2017
Ireland,Human dev index ,0.945,2021
Ireland,Unemployment (%) ,8.1,2018
Ireland,Unemployment (%) ,6.63299989700317,2021
Ireland,Economic Growth ,9.03016110018034,2018
Ireland,Economic Growth ,13.4786580085837,2021
Israel,Happy planet index ,28.8,2016
Israel,Happy planet index ,48.2,2019
Israel,Human dev index ,0.903,2017
Israel,Human dev index ,0.919,2021
Israel,Unemployment (%) ,5.6,2018
Israel,Unemployment (%) ,5.04500007629395,2021
Israel,Economic Growth ,3.98342459356549,2018
Israel,Economic Growth ,8.1880404589493,2021
Italy,Happy planet index ,28.1,2016
Italy,Happy planet index ,50.7,2019
Italy,Human dev index ,0.88,2017
Italy,Human dev index ,0.895,2021
Italy,Unemployment (%) ,11.5,2018
Italy,Unemployment (%) ,9.83399963378906,2021
Italy,Economic Growth ,0.925810941012742,2018
Italy,Economic Growth ,6.64379018966193,2021
Jamaica,Happy planet index ,36.9,2016
Jamaica,Happy planet index ,57.9,2019
Jamaica,Human dev index ,0.732,2017
Jamaica,Human dev index ,0.709,2021
Jamaica,Unemployment (%) ,13.3,2018
Jamaica,Unemployment (%) ,9.18200016021729,2021
Jamaica,Economic Growth ,1.88992368121086,2018
Jamaica,Economic Growth ,4.60000000000001,2021
Japan,Happy planet index ,28.3,2016
Japan,Happy planet index ,47.1,2019
Japan,Human dev index ,0.909,2017
Japan,Human dev index ,0.925,2021
Japan,Unemployment (%) ,3.1,2018
Japan,Unemployment (%) ,2.79900002479553,2021
Japan,Economic Growth ,0.584068067242868,2018
Japan,Economic Growth ,1.62079552541303,2021
Jordan,Happy planet index ,-,2016
Jordan,Happy planet index ,43.9,2019
Jordan,Human dev index ,0.735,2017
Jordan,Human dev index ,0.72,2021
Jordan,Unemployment (%) ,13.2,2018
Jordan,Unemployment (%) ,19.2520008087158,2021
Jordan,Economic Growth ,1.93409170141707,2018
Jordan,Economic Growth ,2.2097647710104,2021
Kazakhstan,Happy planet index ,19.1,2016
Kazakhstan,Happy planet index ,38.6,2019
Kazakhstan,Human dev index ,0.8,2017
Kazakhstan,Human dev index ,0.811,2021
Kazakhstan,Unemployment (%) ,5.2,2018
Kazakhstan,Unemployment (%) ,4.90000009536743,2021
Kazakhstan,Economic Growth ,4.09999999987123,2018
Kazakhstan,Economic Growth ,4.00000000008325,2021
Kenya,Happy planet index ,24.2,2016
Kenya,Happy planet index ,45.2,2019
Kenya,Human dev index ,0.59,2017
Kenya,Human dev index ,0.575,2021
Kenya,Unemployment (%) ,11.0,2018
Kenya,Unemployment (%) ,5.74200010299683,2021
Kenya,Economic Growth ,5.64794640709219,2018
Kenya,Economic Growth ,7.51735538703886,2021
Korea (Dem. People’s Rep.),Happy planet index ,-,2016
Korea (Dem. People’s Rep.),Happy planet index ,-,2019
Korea (Dem. People’s Rep.),Human dev index ,-,2017
Korea (Dem. People’s Rep.),Human dev index ,-,2021
Korea (Dem. People’s Rep.),Unemployment (%) ,4.3,2018
Korea (Dem. People’s Rep.),Unemployment (%) ,2.59200000762939,2021
Korea (Dem. People’s Rep.),Economic Growth ,-,2021
Korea (Rep.),Happy planet index ,24.8,2016
Korea (Rep.),Happy planet index ,39.8,2019
Korea (Rep.),Human dev index ,0.903,2017
Korea (Rep.),Human dev index ,0.925,2021
Korea (Rep.),Unemployment (%) ,3.7,2018
Korea (Rep.),Unemployment (%) ,3.53200006484985,2021
Korea (Rep.),Economic Growth ,2.90740377377135,2018
Korea (Rep.),Economic Growth ,4.02115847345807,2021
Kosovo,Happy planet index ,-,2016
Kosovo,Happy planet index ,-,2019
Kosovo,Human dev index ,-,2017
Kosovo,Human dev index ,-,2021
Kosovo,Unemployment (%) ,-,2018
Kosovo,Economic Growth ,3.40663100837845,2018
Kosovo,Economic Growth ,9.12757763607948,2021
Kuwait,Happy planet index ,-,2016
Kuwait,Happy planet index ,33.3,2019
Kuwait,Human dev index ,0.803,2017
Kuwait,Human dev index ,0.831,2021
Kuwait,Unemployment (%) ,2.4,2018
Kuwait,Unemployment (%) ,3.71399998664856,2021
Kuwait,Economic Growth ,2.43398126829415,2018
Kuwait,Economic Growth ,-,2021
Kyrgyzstan,Happy planet index ,33.1,2016
Kyrgyzstan,Happy planet index ,53.7,2019
Kyrgyzstan,Human dev index ,0.672,2017
Kyrgyzstan,Human dev index ,0.692,2021
Kyrgyzstan,Unemployment (%) ,7.7,2018
Kyrgyzstan,Unemployment (%) ,9.10400009155273,2021
Kyrgyzstan,Economic Growth ,3.75791012480484,2018
Kyrgyzstan,Economic Growth ,3.61061269547005,2021
Laos,Happy planet index ,-,2016
Laos,Happy planet index ,42.8,2019
Laos,Human dev index ,0.601,2017
Laos,Human dev index ,0.607,2021
Laos,Unemployment (%) ,1.5,2018
Laos,Unemployment (%) ,1.25800001621246,2021
Laos,Economic Growth ,6.24796000755872,2018
Laos,Economic Growth ,2.52835100103448,2021
Latvia,Happy planet index ,17.1,2016
Latvia,Happy planet index ,34.1,2019
Latvia,Human dev index ,0.847,2017
Latvia,Human dev index ,0.863,2021
Latvia,Unemployment (%) ,9.9,2018
Latvia,Unemployment (%) ,7.59999990463257,2021
Latvia,Economic Growth ,3.9894803874928,2018
Latvia,Economic Growth ,4.48209539940108,2021
Lebanon,Happy planet index ,21.9,2016
Lebanon,Happy planet index ,39.0,2019
Lebanon,Human dev index ,0.757,2017
Lebanon,Human dev index ,0.706,2021
Lebanon,Unemployment (%) ,6.8,2018
Lebanon,Unemployment (%) ,14.4879999160767,2021
Lebanon,Economic Growth ,-1.88470547404803,2018
Lebanon,Economic Growth ,-10.5193894162206,2021
Lesotho,Happy planet index ,16.7,2016
Lesotho,Happy planet index ,27.3,2019
Lesotho,Human dev index ,0.52,2017
Lesotho,Human dev index ,0.514,2021
Lesotho,Unemployment (%) ,27.4,2018
Lesotho,Unemployment (%) ,24.5979995727539,2021
Lesotho,Economic Growth ,-1.22313731083291,2018
Lesotho,Economic Growth ,1.01587081905888,2021
Liberia,Happy planet index ,22.2,2016
Liberia,Happy planet index ,46.0,2019
Liberia,Human dev index ,0.435,2017
Liberia,Human dev index ,0.481,2021
Liberia,Unemployment (%) ,4.0,2018
Liberia,Unemployment (%) ,4.09499979019165,2021
Liberia,Economic Growth ,1.15757512207355,2018
Liberia,Economic Growth ,4.0000099975916,2021
Libya,Happy planet index ,-,2016
Libya,Happy planet index ,42.7,2019
Libya,Human dev index ,0.706,2017
Libya,Human dev index ,0.718,2021
Libya,Unemployment (%) ,19.2,2018
Libya,Unemployment (%) ,19.5839996337891,2021
Libya,Economic Growth ,7.9413678529104,2018
Libya,Economic Growth ,31.3724222267248,2021
Lithuania,Happy planet index ,21.0,2016
Lithuania,Happy planet index ,36.9,2019
Lithuania,Human dev index ,0.858,2017
Lithuania,Human dev index ,0.875,2021
Lithuania,Unemployment (%) ,9.2,2018
Lithuania,Unemployment (%) ,7.90299987792969,2021
Lithuania,Economic Growth ,3.99331032795327,2018
Lithuania,Economic Growth ,5.00350076587901,2021
Luxembourg,Happy planet index ,13.2,2016
Luxembourg,Happy planet index ,31.7,2019
Luxembourg,Human dev index ,0.904,2017
Luxembourg,Human dev index ,0.93,2021
Luxembourg,Unemployment (%) ,5.9,2018
Luxembourg,Unemployment (%) ,5.22700023651123,2021
Luxembourg,Economic Growth ,2.00437711983041,2018
Luxembourg,Economic Growth ,6.88656770842904,2021
Macedonia,Happy planet index ,23.4,2016
Macedonia,Happy planet index ,43.9,2019
Macedonia,Human dev index ,-,2017
Macedonia,Human dev index ,-,2021
Macedonia,Unemployment (%) ,26.7,2018
Macedonia,Unemployment (%) ,16.2029991149902,2021
Macedonia,Economic Growth ,2.88059670964267,2018
Macedonia,Economic Growth ,3.96426417144993,2021
Madagascar,Happy planet index ,-,2016
Madagascar,Happy planet index ,44.2,2019
Madagascar,Human dev index ,0.519,2017
Madagascar,Human dev index ,0.501,2021
Madagascar,Unemployment (%) ,2.1,2018
Madagascar,Unemployment (%) ,2.59400010108948,2021
Madagascar,Economic Growth ,3.20001288035283,2018
Madagascar,Economic Growth ,4.40233999987778,2021
Malawi,Happy planet index ,22.1,2016
Malawi,Happy planet index ,38.7,2019
Malawi,Human dev index ,0.477,2017
Malawi,Human dev index ,0.512,2021
Malawi,Unemployment (%) ,6.7,2018
Malawi,Unemployment (%) ,7.02099990844727,2021
Malawi,Economic Growth ,4.39168829609886,2018
Malawi,Economic Growth ,2.75141640762955,2021
Malaysia,Happy planet index ,30.3,2016
Malaysia,Happy planet index ,41.7,2019
Malaysia,Human dev index ,0.802,2017
Malaysia,Human dev index ,0.803,2021
Malaysia,Unemployment (%) ,3.3,2018
Malaysia,Unemployment (%) ,4.60900020599365,2021
Malaysia,Economic Growth ,4.84308697634881,2018
Malaysia,Economic Growth ,3.13258966090125,2021
Maldives,Happy planet index ,-,2016
Maldives,Happy planet index ,-,2019
Maldives,Human dev index ,0.717,2017
Maldives,Human dev index ,0.747,2021
Maldives,Unemployment (%) ,3.2,2018
Maldives,Unemployment (%) ,6.07800006866455,2021
Maldives,Economic Growth ,8.12312890817314,2018
Maldives,Economic Growth ,30.9628422550665,2021
Mali,Happy planet index ,-,2016
Mali,Happy planet index ,39.3,2019
Mali,Human dev index ,0.427,2017
Mali,Human dev index ,0.428,2021
Mali,Unemployment (%) ,8.1,2018
Mali,Unemployment (%) ,7.71999979019165,2021
Mali,Economic Growth ,4.74648432724561,2018
Mali,Economic Growth ,3.06987004655758,2021
Malta,Happy planet index ,29.0,2016
Malta,Happy planet index ,43.5,2019
Malta,Human dev index ,0.878,2017
Malta,Human dev index ,0.918,2021
Malta,Unemployment (%) ,5.3,2018
Malta,Unemployment (%) ,3.49900007247925,2021
Malta,Economic Growth ,6.03421380724669,2018
Malta,Economic Growth ,9.4135383709695,2021
Mauritania,Happy planet index ,18.0,2016
Mauritania,Happy planet index ,34.7,2019
Mauritania,Human dev index ,0.52,2017
Mauritania,Human dev index ,0.556,2021
Mauritania,Unemployment (%) ,11.7,2018
Mauritania,Unemployment (%) ,11.4630002975464,2021
Mauritania,Economic Growth ,4.52674622501065,2018
Mauritania,Economic Growth ,2.29974854129526,2021
Mauritius,Happy planet index ,27.4,2016
Mauritius,Happy planet index ,51.5,2019
Mauritius,Human dev index ,0.79,2017
Mauritius,Human dev index ,0.802,2021
Mauritius,Unemployment (%) ,7.8,2018
Mauritius,Unemployment (%) ,7.41400003433228,2021
Mauritius,Economic Growth ,3.75967723144153,2018
Mauritius,Economic Growth ,4.04021973384492,2021
Mexico,Happy planet index ,40.7,2016
Mexico,Happy planet index ,54.3,2019
Mexico,Human dev index ,0.774,2017
Mexico,Human dev index ,0.758,2021
Mexico,Unemployment (%) ,4.0,2018
Mexico,Unemployment (%) ,4.37900018692017,2021
Mexico,Economic Growth ,2.19499472522698,2018
Mexico,Economic Growth ,4.79719174934905,2021
Moldova,Happy planet index ,-,2016
Moldova,Happy planet index ,51.0,2019
Moldova,Human dev index ,0.7,2017
Moldova,Human dev index ,0.767,2021
Moldova,Unemployment (%) ,5.0,2018
Moldova,Unemployment (%) ,3.96199989318848,2021
Moldova,Economic Growth ,4.30147775702727,2018
Moldova,Economic Growth ,13.9445896006365,2021
Mongolia,Happy planet index ,14.3,2016
Mongolia,Happy planet index ,24.5,2019
Mongolia,Human dev index ,0.741,2017
Mongolia,Human dev index ,0.739,2021
Mongolia,Unemployment (%) ,6.7,2018
Mongolia,Unemployment (%) ,7.08199977874756,2021
Mongolia,Economic Growth ,7.7448806201857,2018
Mongolia,Economic Growth ,1.42100909686505,2021
Montenegro,Happy planet index ,25.1,2016
Montenegro,Happy planet index ,41.3,2019
Montenegro,Human dev index ,0.814,2017
Montenegro,Human dev index ,0.832,2021
Montenegro,Unemployment (%) ,17.5,2018
Montenegro,Unemployment (%) ,18.4869995117188,2021
Montenegro,Economic Growth ,5.0778888113381,2018
Montenegro,Economic Growth ,12.4343589851741,2021
Morocco,Happy planet index ,32.7,2016
Morocco,Happy planet index ,50.9,2019
Morocco,Human dev index ,0.667,2017
Morocco,Human dev index ,0.683,2021
Morocco,Unemployment (%) ,10.0,2018
Morocco,Unemployment (%) ,11.4670000076294,2021
Morocco,Economic Growth ,3.148502655914,2018
Morocco,Economic Growth ,7.3727276184739,2021
Mozambique,Happy planet index ,23.7,2016
Mozambique,Happy planet index ,44.2,2019
Mozambique,Human dev index ,0.437,2017
Mozambique,Human dev index ,0.446,2021
Mozambique,Unemployment (%) ,24.4,2018
Mozambique,Unemployment (%) ,3.98200011253357,2021
Mozambique,Economic Growth ,3.44381383971462,2018
Mozambique,Economic Growth ,2.22481926808254,2021
Myanmar,Happy planet index ,24.7,2016
Myanmar,Happy planet index ,40.0,2019
Myanmar,Human dev index ,0.578,2017
Myanmar,Human dev index ,0.585,2021
Myanmar,Unemployment (%) ,0.8,2018
Myanmar,Unemployment (%) ,2.17300009727478,2021
Myanmar,Economic Growth ,6.404977325147,2018
Myanmar,Economic Growth ,-17.9847423373262,2021
Namibia,Happy planet index ,21.6,2016
Namibia,Happy planet index ,36.8,2019
Namibia,Human dev index ,0.647,2017
Namibia,Human dev index ,0.615,2021
Namibia,Unemployment (%) ,25.6,2018
Namibia,Unemployment (%) ,21.67799949646,2021
Namibia,Economic Growth ,1.05994347072928,2018
Namibia,Economic Growth ,2.43063985834007,2021
Nepal,Happy planet index ,30.5,2016
Nepal,Happy planet index ,53.1,2019
Nepal,Human dev index ,0.574,2017
Nepal,Human dev index ,0.602,2021
Nepal,Unemployment (%) ,3.2,2018
Nepal,Unemployment (%) ,5.05200004577637,2021
Nepal,Economic Growth ,7.62237610768169,2018
Nepal,Economic Growth ,4.24694014145481,2021
Netherlands,Happy planet index ,35.3,2016
Netherlands,Happy planet index ,54.9,2019
Netherlands,Human dev index ,0.931,2017
Netherlands,Human dev index ,0.941,2021
Netherlands,Unemployment (%) ,6.2,2018
Netherlands,Unemployment (%) ,4.01000022888184,2021
Netherlands,Economic Growth ,2.36091509478513,2018
Netherlands,Economic Growth ,5.03590202448922,2021
New Zealand,Happy planet index ,31.3,2016
New Zealand,Happy planet index ,57.4,2019
New Zealand,Human dev index ,0.917,2017
New Zealand,Human dev index ,0.937,2021
New Zealand,Unemployment (%) ,5.2,2018
New Zealand,Unemployment (%) ,4.12400007247925,2021
New Zealand,Economic Growth ,3.35921954753083,2018
New Zealand,Economic Growth ,4.64680674951514,2021
Nicaragua,Happy planet index ,38.7,2016
Nicaragua,Happy planet index ,55.2,2019
Nicaragua,Human dev index ,0.658,2017
Nicaragua,Human dev index ,0.667,2021
Nicaragua,Unemployment (%) ,5.9,2018
Nicaragua,Unemployment (%) ,5.95699977874756,2021
Nicaragua,Economic Growth ,-3.3637057173864,2018
Nicaragua,Economic Growth ,10.3449290198086,2021
Niger,Happy planet index ,16.8,2016
Niger,Happy planet index ,41.4,2019
Niger,Human dev index ,0.354,2017
Niger,Human dev index ,0.4,2021
Niger,Unemployment (%) ,2.6,2018
Niger,Unemployment (%) ,0.750999987125397,2021
Niger,Economic Growth ,7.21080300824623,2018
Niger,Economic Growth ,1.35205374879854,2021
Nigeria,Happy planet index ,22.2,2016
Nigeria,Happy planet index ,34.1,2019
Nigeria,Human dev index ,0.532,2017
Nigeria,Human dev index ,0.535,2021
Nigeria,Unemployment (%) ,5.0,2018
Nigeria,Unemployment (%) ,9.78800010681152,2021
Nigeria,Economic Growth ,1.92275734157302,2018
Nigeria,Economic Growth ,3.64718654100696,2021
Norway,Happy planet index ,36.8,2016
Norway,Happy planet index ,50.9,2019
Norway,Human dev index ,0.953,2017
Norway,Human dev index ,0.961,2021
Norway,Unemployment (%) ,4.8,2018
Norway,Unemployment (%) ,4.9850001335144,2021
Norway,Economic Growth ,1.11882847945122,2018
Norway,Economic Growth ,3.92266520973057,2021
Oman,Happy planet index ,21.1,2016
Oman,Happy planet index ,-,2019
Oman,Human dev index ,0.821,2017
Oman,Human dev index ,0.816,2021
Oman,Unemployment (%) ,17.5,2018
Oman,Unemployment (%) ,3.12199997901917,2021
Oman,Economic Growth ,1.28710391543288,2018
Oman,Economic Growth ,-3.2,2021
Pakistan,Happy planet index ,31.5,2016
Pakistan,Happy planet index ,45.1,2019
Pakistan,Human dev index ,0.562,2017
Pakistan,Human dev index ,0.544,2021
Pakistan,Unemployment (%) ,5.9,2018
Pakistan,Unemployment (%) ,4.35200023651123,2021
Pakistan,Economic Growth ,6.15170261099519,2018
Pakistan,Economic Growth ,6.0297520826943,2021
Panama,Happy planet index ,39.5,2016
Panama,Happy planet index ,57.9,2019
Panama,Human dev index ,0.789,2017
Panama,Human dev index ,0.805,2021
Panama,Unemployment (%) ,5.8,2018
Panama,Unemployment (%) ,12.0880002975464,2021
Panama,Economic Growth ,3.68534452237613,2018
Panama,Economic Growth ,15.335819064068,2021
Papua New Guinea,Happy planet index ,-,2016
Papua New Guinea,Happy planet index ,-,2019
Papua New Guinea,Human dev index ,0.544,2017
Papua New Guinea,Human dev index ,0.558,2021
Papua New Guinea,Unemployment (%) ,2.5,2018
Papua New Guinea,Unemployment (%) ,2.75200009346008,2021
Papua New Guinea,Economic Growth ,-0.279252284959952,2018
Papua New Guinea,Economic Growth ,1.49999999999999,2021
Paraguay,Happy planet index ,23.3,2016
Paraguay,Happy planet index ,47.6,2019
Paraguay,Human dev index ,0.702,2017
Paraguay,Human dev index ,0.717,2021
Paraguay,Unemployment (%) ,5.4,2018
Paraguay,Unemployment (%) ,7.20599985122681,2021
Paraguay,Economic Growth ,3.20425034076639,2018
Paraguay,Economic Growth ,4.19988166614141,2021
Peru,Happy planet index ,34.6,2016
Peru,Happy planet index ,55.9,2019
Peru,Human dev index ,0.75,2017
Peru,Human dev index ,0.762,2021
Peru,Unemployment (%) ,4.9,2018
Peru,Unemployment (%) ,4.83300018310547,2021
Peru,Economic Growth ,3.969351341365,2018
Peru,Economic Growth ,13.3495090777977,2021
Philippines,Happy planet index ,35.0,2016
Philippines,Happy planet index ,57.1,2019
Philippines,Human dev index ,0.699,2017
Philippines,Human dev index ,0.699,2021
Philippines,Unemployment (%) ,5.9,2018
Philippines,Unemployment (%) ,2.40599989891052,2021
Philippines,Economic Growth ,6.34148557153473,2018
Philippines,Economic Growth ,5.70315596840621,2021
Poland,Happy planet index ,27.5,2016
Poland,Happy planet index ,45.0,2019
Poland,Human dev index ,0.865,2017
Poland,Human dev index ,0.876,2021
Poland,Unemployment (%) ,6.2,2018
Poland,Unemployment (%) ,3.36800003051758,2021
Poland,Economic Growth ,5.35370335471698,2018
Poland,Economic Growth ,5.73258169571089,2021
Portugal,Happy planet index ,24.8,2016
Portugal,Happy planet index ,46.3,2019
Portugal,Human dev index ,0.847,2017
Portugal,Human dev index ,0.866,2021
Portugal,Unemployment (%) ,11.2,2018
Portugal,Unemployment (%) ,6.64699983596802,2021
Portugal,Economic Growth ,2.84932593436179,2018
Portugal,Economic Growth ,4.88121010306581,2021
Qatar,Happy planet index ,-,2016
Qatar,Happy planet index ,24.3,2019
Qatar,Human dev index ,0.856,2017
Qatar,Human dev index ,0.855,2021
Qatar,Unemployment (%) ,0.2,2018
Qatar,Unemployment (%) ,0.257999986410141,2021
Qatar,Economic Growth ,1.23487219150027,2018
Qatar,Economic Growth ,1.52339735592098,2021
Romania,Happy planet index ,28.8,2016
Romania,Happy planet index ,46.2,2019
Romania,Human dev index ,0.811,2017
Romania,Human dev index ,0.821,2021
Romania,Unemployment (%) ,6.4,2018
Romania,Unemployment (%) ,5.16900014877319,2021
Romania,Economic Growth ,4.47452377497343,2018
Romania,Economic Growth ,5.87966788545822,2021
Russia,Happy planet index ,18.7,2016
Russia,Happy planet index ,34.9,2019
Russia,Human dev index ,0.816,2017
Russia,Human dev index ,0.822,2021
Russia,Unemployment (%) ,5.7,2018
Russia,Unemployment (%) ,5.01000022888184,2021
Russia,Economic Growth ,2.80724541049418,2018
Russia,Economic Growth ,4.81979165963526,2021
Rwanda,Happy planet index ,19.6,2016
Rwanda,Happy planet index ,39.2,2019
Rwanda,Human dev index ,0.524,2017
Rwanda,Human dev index ,0.534,2021
Rwanda,Unemployment (%) ,2.5,2018
Rwanda,Unemployment (%) ,1.60699999332428,2021
Rwanda,Economic Growth ,8.57943753725192,2018
Rwanda,Economic Growth ,10.88451916081,2021
Saudi Arabia,Happy planet index ,-,2016
Saudi Arabia,Happy planet index ,41.6,2019
Saudi Arabia,Human dev index ,0.853,2017
Saudi Arabia,Human dev index ,0.875,2021
Saudi Arabia,Unemployment (%) ,5.5,2018
Saudi Arabia,Unemployment (%) ,7.35799980163574,2021
Saudi Arabia,Economic Growth ,2.51416579969228,2018
Saudi Arabia,Economic Growth ,3.2409297684805,2021
Senegal,Happy planet index ,21.9,2016
Senegal,Happy planet index ,51.2,2019
Senegal,Human dev index ,0.505,2017
Senegal,Human dev index ,0.511,2021
Senegal,Unemployment (%) ,9.5,2018
Senegal,Unemployment (%) ,3.72300004959106,2021
Senegal,Economic Growth ,6.20924103389086,2018
Senegal,Economic Growth ,6.06449596752137,2021
Serbia,Happy planet index ,29.0,2016
Serbia,Happy planet index ,53.2,2019
Serbia,Human dev index ,0.787,2017
Serbia,Human dev index ,0.802,2021
Serbia,Unemployment (%) ,16.5,2018
Serbia,Unemployment (%) ,11.8070001602173,2021
Serbia,Economic Growth ,4.4951212927627,2018
Serbia,Economic Growth ,7.3892708902237,2021
Sierra Leone,Happy planet index ,15.3,2016
Sierra Leone,Happy planet index ,29.0,2019
Sierra Leone,Human dev index ,0.419,2017
Sierra Leone,Human dev index ,0.477,2021
Sierra Leone,Unemployment (%) ,3.0,2018
Sierra Leone,Unemployment (%) ,5.33300018310547,2021
Sierra Leone,Economic Growth ,3.46460213996657,2018
Sierra Leone,Economic Growth ,3.05020269465146,2021
Singapore,Happy planet index ,-,2016
Singapore,Happy planet index ,45.5,2019
Singapore,Human dev index ,0.932,2017
Singapore,Human dev index ,0.939,2021
Singapore,Unemployment (%) ,1.8,2018
Singapore,Unemployment (%) ,3.62400007247925,2021
Singapore,Economic Growth ,3.66130499436235,2018
Singapore,Economic Growth ,7.61396261502647,2021
Slovakia,Happy planet index ,28.2,2016
Slovakia,Happy planet index ,46.6,2019
Slovakia,Human dev index ,0.855,2017
Slovakia,Human dev index ,0.848,2021
Slovakia,Unemployment (%) ,10.0,2018
Slovakia,Unemployment (%) ,6.73999977111816,2021
Slovakia,Economic Growth ,3.79441055314645,2018
Slovakia,Economic Growth ,3.02047175095616,2021
Slovenia,Happy planet index ,24.6,2016
Slovenia,Happy planet index ,47.9,2019
Slovenia,Human dev index ,0.896,2017
Slovenia,Human dev index ,0.918,2021
Slovenia,Unemployment (%) ,8.7,2018
Slovenia,Unemployment (%) ,4.4229998588562,2021
Slovenia,Economic Growth ,4.4225215682918,2018
Slovenia,Economic Growth ,8.11455809854249,2021
Solomon Islands,Happy planet index ,-,2016
Solomon Islands,Happy planet index ,-,2019
Solomon Islands,Human dev index ,0.546,2017
Solomon Islands,Human dev index ,0.564,2021
Solomon Islands,Unemployment (%) ,31.4,2018
Solomon Islands,Unemployment (%) ,1.02900004386902,2021
Solomon Islands,Economic Growth ,3.94312375062317,2018
Solomon Islands,Economic Growth ,-0.177260016223329,2021
Somalia,Happy planet index ,-,2016
Somalia,Happy planet index ,-,2019
Somalia,Human dev index ,-,2017
Somalia,Human dev index ,-,2021
Somalia,Unemployment (%) ,6.6,2018
Somalia,Unemployment (%) ,19.8649997711182,2021
Somalia,Economic Growth ,7.6788798020291,2018
Somalia,Economic Growth ,3.33443080651648,2021
South Africa,Happy planet index ,15.9,2016
South Africa,Happy planet index ,36.2,2019
South Africa,Human dev index ,0.699,2017
South Africa,Human dev index ,0.713,2021
South Africa,Unemployment (%) ,25.9,2018
South Africa,Unemployment (%) ,33.5589981079102,2021
South Africa,Economic Growth ,1.48761737271568,2018
South Africa,Economic Growth ,4.91460266078032,2021
South Sudan,Happy planet index ,-,2016
South Sudan,Happy planet index ,-,2019
South Sudan,Human dev index ,0.388,2017
South Sudan,Human dev index ,0.385,2021
South Sudan,Unemployment (%) ,-,2018
South Sudan,Unemployment (%) ,13.914999961853,2021
South Sudan,Economic Growth ,-,2021
Spain,Happy planet index ,36.0,2016
Spain,Happy planet index ,52.3,2019
Spain,Human dev index ,0.891,2017
Spain,Human dev index ,0.905,2021
Spain,Unemployment (%) ,19.4,2018
Spain,Unemployment (%) ,14.7329998016357,2021
Spain,Economic Growth ,2.28878567617447,2018
Spain,Economic Growth ,5.1294551274826,2021
Sri Lanka,Happy planet index ,33.8,2016
Sri Lanka,Happy planet index ,46.8,2019
Sri Lanka,Human dev index ,0.77,2017
Sri Lanka,Human dev index ,0.782,2021
Sri Lanka,Unemployment (%) ,5.0,2018
Sri Lanka,Unemployment (%) ,5.39499998092651,2021
Sri Lanka,Economic Growth ,3.27200047840022,2018
Sri Lanka,Economic Growth ,3.65563225648573,2021
Sudan,Happy planet index ,-,2016
Sudan,Happy planet index ,39.6,2019
Sudan,Human dev index ,0.502,2017
Sudan,Human dev index ,0.508,2021
Sudan,Unemployment (%) ,13.3,2018
Sudan,Unemployment (%) ,19.8050003051758,2021
Sudan,Economic Growth ,-2.6809305497999,2018
Sudan,Economic Growth ,0.1145882139473,2021
Suriname,Happy planet index ,25.4,2016
Suriname,Happy planet index ,-,2019
Suriname,Human dev index ,0.72,2017
Suriname,Human dev index ,0.73,2021
Suriname,Unemployment (%) ,10.0,2018
Suriname,Unemployment (%) ,10.0649995803833,2021
Suriname,Economic Growth ,4.94827076559268,2018
Suriname,Economic Growth ,-3.47866419294991,2021
Sweden,Happy planet index ,28.0,2016
Sweden,Happy planet index ,50.5,2019
Sweden,Human dev index ,0.933,2017
Sweden,Human dev index ,0.947,2021
Sweden,Unemployment (%) ,7.1,2018
Sweden,Unemployment (%) ,8.66100025177002,2021
Sweden,Economic Growth ,1.95002284569983,2018
Sweden,Economic Growth ,4.80061158193283,2021
Switzerland,Happy planet index ,34.3,2016
Switzerland,Happy planet index ,60.1,2019
Switzerland,Human dev index ,0.944,2017
Switzerland,Human dev index ,0.962,2021
Switzerland,Unemployment (%) ,4.6,2018
Switzerland,Unemployment (%) ,5.32100009918213,2021
Switzerland,Economic Growth ,2.91690509826611,2018
Switzerland,Economic Growth ,3.69215262984311,2021
Syria,Happy planet index ,19.1,2016
Syria,Happy planet index ,-,2019
Syria,Human dev index ,0.536,2017
Syria,Human dev index ,0.577,2021
Syria,Unemployment (%) ,14.3,2018
Syria,Unemployment (%) ,10.5729999542236,2021
Syria,Economic Growth ,1.47576647550751,2018
Syria,Economic Growth ,-,2021
Taiwan,Happy planet index ,-,2016
Taiwan,Happy planet index ,43.2,2019
Taiwan,Human dev index ,-,2017
Taiwan,Human dev index ,-,2021
Taiwan,Unemployment (%) ,4.0,2018
Taiwan,Unemployment (%) ,-,2021
Tajikistan,Happy planet index ,34.2,2016
Tajikistan,Happy planet index ,55.2,2019
Tajikistan,Human dev index ,0.65,2017
Tajikistan,Human dev index ,0.685,2021
Tajikistan,Unemployment (%) ,10.8,2018
Tajikistan,Unemployment (%) ,7.75400018692017,2021
Tajikistan,Economic Growth ,7.59927884231854,2018
Tajikistan,Economic Growth ,9.2001904308498,2021
Tanzania,Happy planet index ,22.1,2016
Tanzania,Happy planet index ,37.0,2019
Tanzania,Human dev index ,0.538,2017
Tanzania,Human dev index ,0.549,2021
Tanzania,Unemployment (%) ,2.6,2018
Tanzania,Unemployment (%) ,2.6489999294281,2021
Tanzania,Economic Growth ,5.44496760087571,2018
Tanzania,Economic Growth ,4.27908454176213,2021
Thailand,Happy planet index ,37.3,2016
Thailand,Happy planet index ,52.9,2019
Thailand,Human dev index ,0.755,2017
Thailand,Human dev index ,0.8,2021
Thailand,Unemployment (%) ,0.6,2018
Thailand,Unemployment (%) ,1.41799998283386,2021
Thailand,Economic Growth ,4.22287028746071,2018
Thailand,Economic Growth ,1.5662953378874,2021
Timor-Leste,Happy planet index ,-,2016
Timor-Leste,Happy planet index ,-,2019
Timor-Leste,Human dev index ,0.625,2017
Timor-Leste,Human dev index ,0.607,2021
Timor-Leste,Unemployment (%) ,4.0,2018
Timor-Leste,Unemployment (%) ,5.07399988174438,2021
Timor-Leste,Economic Growth ,-0.687542477354754,2018
Timor-Leste,Economic Growth ,4.39999845848935,2021
Togo,Happy planet index ,13.2,2016
Togo,Happy planet index ,37.3,2019
Togo,Human dev index ,0.503,2017
Togo,Human dev index ,0.539,2021
Togo,Unemployment (%) ,6.8,2018
Togo,Unemployment (%) ,4.00400018692017,2021
Togo,Economic Growth ,4.97621309973984,2018
Togo,Economic Growth ,5.26059492471809,2021
Trinidad and Tobago,Happy planet index ,15.7,2016
Trinidad and Tobago,Happy planet index ,31.6,2019
Trinidad and Tobago,Human dev index ,0.784,2017
Trinidad and Tobago,Human dev index ,0.81,2021
Trinidad and Tobago,Unemployment (%) ,3.9,2018
Trinidad and Tobago,Unemployment (%) ,4.80499982833862,2021
Trinidad and Tobago,Economic Growth ,-0.706435308325041,2018
Trinidad and Tobago,Economic Growth ,-0.985307672969697,2021
Tunisia,Happy planet index ,26.2,2016
Tunisia,Happy planet index ,43.9,2019
Tunisia,Human dev index ,0.735,2017
Tunisia,Human dev index ,0.731,2021
Tunisia,Unemployment (%) ,14.8,2018
Tunisia,Unemployment (%) ,16.8239994049072,2021
Tunisia,Economic Growth ,2.62482839473539,2018
Tunisia,Economic Growth ,3.34280246868977,2021
Turkiye,Happy planet index ,26.4,2016
Turkiye,Happy planet index ,41.3,2019
Turkiye,Human dev index ,0.791,2017
Turkiye,Human dev index ,0.838,2021
Turkiye,Unemployment (%) ,10.3,2018
Turkiye,Unemployment (%) ,13.3859996795654,2021
Turkiye,Economic Growth ,2.97988523467896,2018
Turkiye,Economic Growth ,10.9861809949254,2021
Turkmenistan,Happy planet index ,14.6,2016
Turkmenistan,Happy planet index ,33.0,2019
Turkmenistan,Human dev index ,0.706,2017
Turkmenistan,Human dev index ,0.745,2021
Turkmenistan,Unemployment (%) ,8.6,2018
Turkmenistan,Unemployment (%) ,5.08099985122681,2021
Turkmenistan,Economic Growth ,6.19999994137119,2018
Turkmenistan,Economic Growth ,6.3,2021
Uganda,Happy planet index ,19.4,2016
Uganda,Happy planet index ,44.8,2019
Uganda,Human dev index ,0.516,2017
Uganda,Human dev index ,0.525,2021
Uganda,Unemployment (%) ,2.3,2018
Uganda,Unemployment (%) ,2.93600010871887,2021
Uganda,Economic Growth ,6.30392378088412,2018
Uganda,Economic Growth ,3.37963342151906,2021
Ukraine,Happy planet index ,26.4,2016
Ukraine,Happy planet index ,40.9,2019
Ukraine,Human dev index ,0.751,2017
Ukraine,Human dev index ,0.773,2021
Ukraine,Unemployment (%) ,8.9,2018
Ukraine,Unemployment (%) ,8.87899971008301,2021
Ukraine,Economic Growth ,3.48836234022659,2018
Ukraine,Economic Growth ,3.40000000000001,2021
United Arab Emirates,Happy planet index ,-,2016
United Arab Emirates,Happy planet index ,34.3,2019
United Arab Emirates,Human dev index ,0.863,2017
United Arab Emirates,Human dev index ,0.911,2021
United Arab Emirates,Unemployment (%) ,3.7,2018
United Arab Emirates,Unemployment (%) ,3.35800004005432,2021
United Arab Emirates,Economic Growth ,1.18985564163665,2018
United Arab Emirates,Economic Growth ,-6.13,2021
United Kingdom,Happy planet index ,31.9,2016
United Kingdom,Happy planet index ,56.0,2019
United Kingdom,Human dev index ,0.922,2017
United Kingdom,Human dev index ,0.929,2021
United Kingdom,Unemployment (%) ,4.8,2018
United Kingdom,Unemployment (%) ,4.52600002288818,2021
United Kingdom,Economic Growth ,1.65092549602133,2018
United Kingdom,Economic Growth ,7.44127309273938,2021
United States,Happy planet index ,20.7,2016
United States,Happy planet index ,37.4,2019
United States,Human dev index ,0.924,2017
United States,Human dev index ,0.921,2021
United States,Unemployment (%) ,4.9,2018
United States,Unemployment (%) ,5.46400022506714,2021
United States,Economic Growth ,2.91885689667409,2018
United States,Economic Growth ,5.67110719074167,2021
Uruguay,Happy planet index ,36.1,2016
Uruguay,Happy planet index ,57.5,2019
Uruguay,Human dev index ,0.804,2017
Uruguay,Human dev index ,0.809,2021
Uruguay,Unemployment (%) ,8.2,2018
Uruguay,Unemployment (%) ,10.4469995498657,2021
Uruguay,Economic Growth ,0.477907183899063,2018
Uruguay,Economic Growth ,4.36700931298061,2021
Uzbekistan,Happy planet index ,29.1,2016
Uzbekistan,Happy planet index ,54.1,2019
Uzbekistan,Human dev index ,0.71,2017
Uzbekistan,Human dev index ,0.727,2021
Uzbekistan,Unemployment (%) ,8.9,2018
Uzbekistan,Unemployment (%) ,7.16099977493286,2021
Uzbekistan,Economic Growth ,5.35499688821734,2018
Uzbekistan,Economic Growth ,7.42011024158735,2021
Venezuela,Happy planet index ,33.6,2016
Venezuela,Happy planet index ,48.9,2019
Venezuela,Human dev index ,0.761,2017
Venezuela,Human dev index ,0.691,2021
Venezuela,Unemployment (%) ,6.9,2018
Venezuela,Unemployment (%) ,6.41300010681152,2021
Venezuela,Economic Growth ,-,2021
Vietnam,Happy planet index ,40.3,2016
Vietnam,Happy planet index ,48.4,2019
Vietnam,Human dev index ,0.694,2017
Vietnam,Human dev index ,0.703,2021
Vietnam,Unemployment (%) ,2.2,2018
Vietnam,Unemployment (%) ,2.16599988937378,2021
Vietnam,Economic Growth ,7.20000000000043,2018
Vietnam,Economic Growth ,2.58892450154917,2021
Yemen,Happy planet index ,22.8,2016
Yemen,Happy planet index ,44.6,2019
Yemen,Human dev index ,0.452,2017
Yemen,Human dev index ,0.455,2021
Yemen,Unemployment (%) ,17.1,2018
Yemen,Unemployment (%) ,13.5740003585815,2021
Yemen,Economic Growth ,0.752447587579127,2018
Yemen,Economic Growth ,-2.0615130508999,2021
Zambia,Happy planet index ,25.2,2016
Zambia,Happy planet index ,34.4,2019
Zambia,Human dev index ,0.588,2017
Zambia,Human dev index ,0.565,2021
Zambia,Unemployment (%) ,7.5,2018
Zambia,Unemployment (%) ,13.0260000228882,2021
Zambia,Economic Growth ,4.03449389667165,2018
Zambia,Economic Growth ,3.57281530331926,2021
Zimbabwe,Happy planet index ,22.1,2016
Zimbabwe,Happy planet index ,28.6,2019
Zimbabwe,Human dev index ,0.535,2017
Zimbabwe,Human dev index ,0.593,2021
Zimbabwe,Unemployment (%) ,5.1,2018
Zimbabwe,Unemployment (%) ,5.17399978637695,2021
Zimbabwe,Economic Growth ,4.82421053956361,2018
Zimbabwe,Economic Growth ,5.84941976162474,2021
